PropertyID,PropertyEvaluationvalue
PR51101,1064701
PR51102,1114550
PR51103,1108206
PR51104,1154822
PR51105,1026546
PR51106,1086684
PR51107,1094200
PR51108,1079265
PR51109,1019583
PR51110,1025283
PR51111,1163289
PR51112,1042524
PR51113,1088493
PR51114,1021800
PR51115,1067228
PR51116,1104885
PR51117,1192814
PR51118,1137093
PR51119,1147689
PR51120,1033709
PR51121,1051270
PR51122,1109617
PR51123,1063724
PR51124,1038472
PR51125,1137020
PR51126,1022566
PR51127,1088678
PR51128,1101817
PR51129,1160600
PR51130,1122021
PR51131,1086420
PR51132,1000539
PR51133,1072028
PR51134,1064638
PR51135,1169128
PR51136,1137914
PR51137,1140996
PR51138,1156086
PR51139,1150487
PR51140,1151539
PR51141,1108761
PR51142,1054235
PR51143,1162151
PR51144,1023632
PR51145,1084767
PR51146,1165333
PR51147,1079458
PR51148,1167789
PR51149,1065645
PR51150,1096246
PR51151,1112270
PR51152,1024414
PR51153,1117195
PR51154,1085133
PR51155,1125143
PR51156,1183659
PR51157,1165792
PR51158,1141087
PR51159,1029956
PR51160,1072733
PR51161,1148198
PR51162,1166115
PR51163,1173581
PR51164,1133488
PR51165,1032282
PR51166,1171695
PR51167,1015630
PR51168,1082181
PR51169,1036280
PR51170,1169300
PR51171,1092008
PR51172,1116711
PR51173,1025181
PR51174,1013069
PR51175,1050841
PR51176,1064062
PR51177,1139140
PR51178,1117609
PR51179,1135345
PR51180,1035656
PR51181,1002025
PR51182,1186647
PR51183,1101255
PR51184,1197415
PR51185,1182480
PR51186,1160651
PR51187,1067560
PR51188,1007657
PR51189,1051529
PR51190,1029550
PR51191,1062870
PR51192,1006747
PR51193,1175659
PR51194,1064226
PR51195,1178880
PR51196,1182372
PR51197,1045072
PR51198,1125529
PR51199,1136762
PR51200,1102523
PR51201,1101774
PR51202,1138760
PR51203,1076074
PR51204,1022185
PR51205,1034097
PR51206,1108720
PR51207,1164498
PR51208,1168618
PR51209,1050645
PR51210,1025176
PR51211,1111387
PR51212,1144640
PR51213,1085258
PR51214,1002330
PR51215,1196961
PR51216,1063416
PR51217,1029273
PR51218,1147710
PR51219,1064438
PR51220,1116535
PR51221,1198181
PR51222,1006501
PR51223,1123605
PR51224,1056114
PR51225,1059536
PR51226,1084667
PR51227,1020907
PR51228,1141368
PR51229,1141842
PR51230,1093605
PR51231,1027644
PR51232,1042345
PR51233,1124644
PR51234,1010950
PR51235,1108542
PR51236,1138732
PR51237,1041830
PR51238,1150598
PR51239,1002674
PR51240,1014425
PR51241,1121906
PR51242,1018976
PR51243,1122740
PR51244,1130030
PR51245,1026634
PR51246,1125626
PR51247,1036359
PR51248,1094363
PR51249,1020195
PR51250,1088528
PR51251,1085968
PR51252,1179910
PR51253,1102247
PR51254,1029574
PR51255,1104697
PR51256,1067577
PR51257,1162979
PR51258,1000484
PR51259,1036476
PR51260,1160894
PR51261,1137895
PR51262,1024005
PR51263,1094036
PR51264,1137529
PR51265,1167651
PR51266,1190517
PR51267,1057335
PR51268,1094489
PR51269,1134658
PR51270,1048379
PR51271,1082217
PR51272,1150323
PR51273,1077820
PR51274,1089772
PR51275,1025125
PR51276,1165608
PR51277,1006879
PR51278,1165482
PR51279,1132348
PR51280,1010308
PR51281,1010736
PR51282,1155740
PR51283,1002601
PR51284,1140434
PR51285,1019673
PR51286,1157257
PR51287,1154575
PR51288,1053093
PR51289,1058562
PR51290,1037193
PR51291,1027657
PR51292,1152465
PR51293,1005939
PR51294,1130293
PR51295,1128381
PR51296,1177144
PR51297,1064469
PR51298,1034297
PR51299,1165045
PR51300,1006348
PR51301,1092137
PR51302,1009431
PR51303,1036231
PR51304,1004925
PR51305,1101192
PR51306,1171974
PR51307,1083650
PR51308,1147342
PR51309,1018492
PR51310,1130631
PR51311,1073183
PR51312,1149293
PR51313,1036971
PR51314,1126032
PR51315,1009408
PR51316,1075656
PR51317,1046603
PR51318,1044118
PR51319,1160479
PR51320,1115718
PR51321,1116757
PR51322,1120928
PR51323,1129609
PR51324,1102487
PR51325,1020202
PR51326,1056936
PR51327,1133965
PR51328,1096715
PR51329,1181077
PR51330,1059549
PR51331,1125350
PR51332,1098944
PR51333,1180348
PR51334,1045861
PR51335,1185915
PR51336,1160031
PR51337,1078540
PR51338,1061782
PR51339,1019008
PR51340,1062539
PR51341,1054268
PR51342,1197867
PR51343,1137555
PR51344,1141129
PR51345,1012665
PR51346,1128330
PR51347,1179158
PR51348,1135097
PR51349,1169697
PR51350,1159772
PR51351,1057840
PR51352,1072034
PR51353,1039401
PR51354,1127498
PR51355,1074199
PR51356,1049378
PR51357,1091026
PR51358,1120698
PR51359,1132320
PR51360,1157356
PR51361,1125378
PR51362,1095318
PR51363,1002777
PR51364,1103045
PR51365,1162010
PR51366,1075742
PR51367,1054965
PR51368,1193717
PR51369,1082945
PR51370,1051383
PR51371,1050669
PR51372,1176230
PR51373,1025765
PR51374,1093717
PR51375,1156711
PR51376,1016540
PR51377,1158286
PR51378,1185299
PR51379,1181252
PR51380,1020792
PR51381,1067132
PR51382,1092350
PR51383,1039144
PR51384,1101770
PR51385,1020987
PR51386,1146339
PR51387,1171683
PR51388,1118164
PR51389,1070021
PR51390,1019000
PR51391,1117336
PR51392,1103015
PR51393,1168105
PR51394,1006034
PR51395,1144157
PR51396,1086496
PR51397,1047715
PR51398,1099392
PR51399,1071047
PR51400,1192187
PR51401,1126805
PR51402,1017951
PR51403,1097951
PR51404,1108448
PR51405,1116966
PR51406,1173086
PR51407,1180689
PR51408,1136498
PR51409,1180221
PR51410,1019510
PR51411,1058445
PR51412,1079806
PR51413,1003734
PR51414,1118668
PR51415,1184745
PR51416,1078247
PR51417,1130995
PR51418,1012989
PR51419,1064622
PR51420,1137453
PR51421,1004323
PR51422,1113285
PR51423,1127447
PR51424,1009550
PR51425,1179081
PR51426,1194736
PR51427,1074951
PR51428,1017237
PR51429,1093969
PR51430,1002919
PR51431,1164193
PR51432,1163010
PR51433,1059968
PR51434,1018291
PR51435,1101381
PR51436,1081822
PR51437,1126097
PR51438,1083320
PR51439,1031012
PR51440,1097798
PR51441,1195777
PR51442,1014828
PR51443,1141198
PR51444,1030846
PR51445,1121270
PR51446,1167725
PR51447,1194251
PR51448,1004065
PR51449,1064869
PR51450,1143494
PR51451,1036972
PR51452,1056369
PR51453,1153560
PR51454,1116276
PR51455,1172667
PR51456,1126396
PR51457,1054466
PR51458,1101892
PR51459,1058652
PR51460,1015074
PR51461,1158166
PR51462,1006357
PR51463,1147752
PR51464,1173164
PR51465,1138776
PR51466,1098307
PR51467,1124352
PR51468,1088810
PR51469,1016022
PR51470,1130543
PR51471,1182674
PR51472,1012252
PR51473,1179250
PR51474,1063834
PR51475,1133619
PR51476,1193054
PR51477,1039427
PR51478,1190606
PR51479,1000516
PR51480,1012499
PR51481,1180234
PR51482,1030655
PR51483,1100920
PR51484,1151661
PR51485,1025254
PR51486,1197235
PR51487,1098979
PR51488,1083255
PR51489,1176287
PR51490,1157533
PR51491,1115788
PR51492,1169279
PR51493,1001528
PR51494,1029446
PR51495,1192439
PR51496,1112305
PR51497,1114034
PR51498,1108185
PR51499,1001662
PR51500,1162300
PR51501,1007571
PR51502,1159298
PR51503,1028249
PR51504,1085685
PR51505,1122820
PR51506,1187586
PR51507,1196648
PR51508,1060137
PR51509,1070257
PR51510,1025312
PR51511,1031731
PR51512,1073382
PR51513,1182883
PR51514,1171516
PR51515,1178214
PR51516,1185364
PR51517,1178168
PR51518,1174575
PR51519,1132340
PR51520,1037978
PR51521,1064274
PR51522,1059552
PR51523,1064493
PR51524,1155339
PR51525,1122416
PR51526,1163087
PR51527,1157397
PR51528,1184958
PR51529,1043866
PR51530,1011085
PR51531,1051786
PR51532,1095102
PR51533,1190646
PR51534,1106790
PR51535,1113477
PR51536,1000779
PR51537,1024660
PR51538,1122066
PR51539,1013974
PR51540,1192834
PR51541,1130666
PR51542,1128591
PR51543,1096668
PR51544,1068125
PR51545,1012855
PR51546,1120494
PR51547,1161444
PR51548,1141235
PR51549,1113759
PR51550,1056485
PR51551,1097971
PR51552,1106916
PR51553,1070649
PR51554,1061387
PR51555,1011471
PR51556,1145694
PR51557,1030999
PR51558,1079023
PR51559,1110599
PR51560,1018956
PR51561,1189840
PR51562,1109206
PR51563,1031105
PR51564,1024142
PR51565,1032500
PR51566,1138950
PR51567,1152061
PR51568,1005475
PR51569,1177992
PR51570,1082745
PR51571,1117115
PR51572,1093807
PR51573,1037225
PR51574,1046694
PR51575,1032162
PR51576,1166369
PR51577,1035437
PR51578,1006422
PR51579,1088378
PR51580,1139650
PR51581,1018267
PR51582,1157052
PR51583,1041083
PR51584,1126032
PR51585,1024460
PR51586,1186070
PR51587,1015356
PR51588,1085390
PR51589,1014316
PR51590,1142967
PR51591,1129137
PR51592,1195919
PR51593,1003240
PR51594,1062852
PR51595,1056498
PR51596,1043099
PR51597,1050419
PR51598,1171103
PR51599,1054222
PR51600,1119922
PR51601,1000720
PR51602,1023990
PR51603,1031032
PR51604,1122621
PR51605,1086763
PR51606,1186675
PR51607,1163438
PR51608,1095120
PR51609,1036291
PR51610,1133507
PR51611,1020894
PR51612,1061578
PR51613,1087507
PR51614,1110993
PR51615,1109845
PR51616,1091927
PR51617,1098774
PR51618,1021984
PR51619,1005506
PR51620,1137365
PR51621,1119880
PR51622,1136176
PR51623,1058647
PR51624,1048964
PR51625,1172117
PR51626,1040473
PR51627,1076742
PR51628,1166341
PR51629,1056880
PR51630,1131342
PR51631,1048026
PR51632,1111951
PR51633,1019802
PR51634,1107948
PR51635,1057828
PR51636,1000349
PR51637,1105650
PR51638,1124394
PR51639,1038465
PR51640,1015456
PR51641,1037374
PR51642,1054032
PR51643,1052662
PR51644,1184639
PR51645,1074536
PR51646,1047238
PR51647,1175434
PR51648,1108345
PR51649,1101026
PR51650,1058826
PR51651,1021156
PR51652,1141081
PR51653,1077403
PR51654,1156511
PR51655,1029300
PR51656,1081612
PR51657,1128759
PR51658,1176654
PR51659,1069225
PR51660,1040429
PR51661,1169381
PR51662,1154279
PR51663,1023314
PR51664,1193834
PR51665,1171134
PR51666,1012148
PR51667,1084452
PR51668,1113582
PR51669,1040325
PR51670,1120697
PR51671,1078400
PR51672,1028204
PR51673,1044076
PR51674,1184811
PR51675,1106475
PR51676,1046187
PR51677,1142963
PR51678,1005742
PR51679,1048158
PR51680,1139280
PR51681,1134314
PR51682,1007883
PR51683,1122849
PR51684,1080893
PR51685,1112171
PR51686,1163891
PR51687,1036374
PR51688,1193853
PR51689,1003883
PR51690,1082062
PR51691,1080296
PR51692,1028280
PR51693,1126325
PR51694,1139412
PR51695,1087914
PR51696,1040087
PR51697,1118818
PR51698,1162740
PR51699,1086829
PR51700,1083493
PR51701,1003838
PR51702,1061343
PR51703,1035249
PR51704,1030581
PR51705,1155067
PR51706,1014716
PR51707,1048620
PR51708,1021286
PR51709,1003246
PR51710,1170493
PR51711,1074993
PR51712,1003832
PR51713,1033217
PR51714,1157905
PR51715,1141882
PR51716,1012610
PR51717,1110691
PR51718,1008164
PR51719,1032643
PR51720,1180627
PR51721,1079466
PR51722,1011434
PR51723,1155832
PR51724,1064438
PR51725,1133456
PR51726,1121341
PR51727,1075297
PR51728,1143946
PR51729,1036680
PR51730,1015390
PR51731,1149216
PR51732,1074801
PR51733,1115073
PR51734,1046367
PR51735,1055639
PR51736,1168698
PR51737,1108396
PR51738,1129496
PR51739,1029475
PR51740,1184404
PR51741,1157021
PR51742,1064083
PR51743,1053926
PR51744,1031916
PR51745,1154207
PR51746,1126527
PR51747,1119601
PR51748,1099829
PR51749,1045489
PR51750,1047997
PR51751,1089610
PR51752,1001296
PR51753,1169316
PR51754,1075562
PR51755,1083862
PR51756,1181758
PR51757,1113310
PR51758,1114071
PR51759,1165709
PR51760,1045235
PR51761,1151175
PR51762,1081830
PR51763,1121712
PR51764,1007963
PR51765,1161680
PR51766,1195786
PR51767,1150577
PR51768,1018962
PR51769,1107448
PR51770,1088854
PR51771,1058604
PR51772,1029647
PR51773,1005433
PR51774,1108511
PR51775,1159168
PR51776,1167266
PR51777,1090750
PR51778,1087729
PR51779,1041274
PR51780,1156143
PR51781,1052036
PR51782,1005703
PR51783,1065936
PR51784,1161179
PR51785,1056499
PR51786,1094323
PR51787,1029908
PR51788,1000437
PR51789,1180050
PR51790,1106572
PR51791,1031540
PR51792,1017767
PR51793,1135743
PR51794,1151237
PR51795,1160927
PR51796,1063209
PR51797,1023659
PR51798,1101698
PR51799,1113030
PR51800,1118001
PR51801,1083313
PR51802,1104807
PR51803,1117905
PR51804,1141996
PR51805,1169932
PR51806,1010084
PR51807,1186081
PR51808,1025740
PR51809,1181780
PR51810,1136531
PR51811,1106378
PR51812,1008020
PR51813,1051121
PR51814,1151090
PR51815,1171782
PR51816,1079148
PR51817,1131955
PR51818,1147885
PR51819,1137070
PR51820,1101918
PR51821,1087505
PR51822,1131665
PR51823,1106594
PR51824,1175610
PR51825,1111972
PR51826,1119852
PR51827,1106980
PR51828,1162319
PR51829,1063329
PR51830,1027979
PR51831,1146380
PR51832,1169668
PR51833,1177521
PR51834,1152825
PR51835,1191810
PR51836,1166561
PR51837,1081390
PR51838,1090984
PR51839,1054414
PR51840,1000384
PR51841,1034382
PR51842,1141218
PR51843,1052668
PR51844,1100310
PR51845,1102831
PR51846,1070490
PR51847,1121454
PR51848,1003038
PR51849,1110521
PR51850,1161914
PR51851,1062105
PR51852,1013113
PR51853,1152598
PR51854,1162063
PR51855,1105444
PR51856,1068615
PR51857,1171463
PR51858,1128754
PR51859,1020767
PR51860,1084022
PR51861,1069277
PR51862,1192246
PR51863,1002807
PR51864,1028699
PR51865,1081618
PR51866,1042940
PR51867,1133612
PR51868,1077145
PR51869,1058306
PR51870,1047959
PR51871,1012864
PR51872,1088739
PR51873,1065019
PR51874,1010450
PR51875,1163980
PR51876,1194565
PR51877,1132031
PR51878,1033494
PR51879,1124529
PR51880,1170516
PR51881,1047734
PR51882,1100359
PR51883,1104517
PR51884,1097782
PR51885,1107036
PR51886,1023058
PR51887,1016809
PR51888,1161654
PR51889,1066423
PR51890,1150821
PR51891,1001838
PR51892,1070792
PR51893,1028256
PR51894,1144552
PR51895,1176478
PR51896,1146276
PR51897,1017170
PR51898,1089066
PR51899,1148274
PR51900,1173271
PR51901,1082636
PR51902,1163510
PR51903,1095374
PR51904,1065782
PR51905,1165109
PR51906,1093727
PR51907,1068324
PR51908,1028184
PR51909,1095496
PR51910,1166408
PR51911,1010049
PR51912,1124399
PR51913,1019336
PR51914,1171869
PR51915,1037980
PR51916,1092951
PR51917,1166942
PR51918,1028791
PR51919,1094408
PR51920,1080520
PR51921,1099090
PR51922,1080196
PR51923,1006511
PR51924,1054740
PR51925,1054719
PR51926,1029243
PR51927,1126393
PR51928,1123407
PR51929,1128670
PR51930,1186275
PR51931,1054283
PR51932,1130813
PR51933,1069420
PR51934,1024206
PR51935,1104969
PR51936,1196612
PR51937,1047859
PR51938,1069121
PR51939,1035180
PR51940,1172349
PR51941,1146978
PR51942,1007531
PR51943,1122357
PR51944,1142179
PR51945,1108594
PR51946,1099275
PR51947,1106044
PR51948,1054846
PR51949,1088821
PR51950,1172423
PR51951,1049690
PR51952,1097272
PR51953,1067497
PR51954,1099070
PR51955,1198525
PR51956,1129543
PR51957,1020897
PR51958,1183638
PR51959,1129918
PR51960,1073164
PR51961,1165349
PR51962,1068650
PR51963,1108287
PR51964,1044234
PR51965,1065311
PR51966,1002638
PR51967,1083076
PR51968,1151196
PR51969,1135876
PR51970,1172207
PR51971,1099727
PR51972,1100884
PR51973,1026647
PR51974,1048816
PR51975,1192075
PR51976,1164242
PR51977,1048292
PR51978,1081583
PR51979,1024621
PR51980,1136922
PR51981,1097266
PR51982,1035761
PR51983,1187333
PR51984,1010074
PR51985,1102817
PR51986,1122792
PR51987,1026536
PR51988,1128051
PR51989,1096586
PR51990,1162578
PR51991,1066500
PR51992,1025176
PR51993,1038222
PR51994,1127893
PR51995,1134464
PR51996,1092619
PR51997,1011105
PR51998,1166192
PR51999,1178973
PR52000,1113562
PR52001,1102854
PR52002,1150576
PR52003,1125468
PR52004,1197533
PR52005,1199807
PR52006,1131075
PR52007,1081770
PR52008,1146026
PR52009,1063247
PR52010,1081421
PR52011,1025571
PR52012,1102665
PR52013,1183582
PR52014,1001075
PR52015,1198905
PR52016,1153962
PR52017,1188061
PR52018,1135686
PR52019,1130694
PR52020,1006529
PR52021,1027356
PR52022,1182204
PR52023,1125949
PR52024,1052763
PR52025,1002864
PR52026,1069573
PR52027,1000007
PR52028,1126836
PR52029,1129437
PR52030,1088854
PR52031,1154844
PR52032,1164574
PR52033,1151925
PR52034,1111075
PR52035,1124782
PR52036,1099831
PR52037,1149749
PR52038,1062815
PR52039,1153359
PR52040,1123659
PR52041,1180769
PR52042,1019340
PR52043,1183903
PR52044,1130326
PR52045,1083735
PR52046,1115427
PR52047,1033152
PR52048,1094727
PR52049,1054111
PR52050,1031595
PR52051,1087823
PR52052,1020801
PR52053,1100862
PR52054,1068709
PR52055,1122277
PR52056,1193491
PR52057,1039041
PR52058,1024001
PR52059,1000998
PR52060,1095392
PR52061,1036995
PR52062,1054093
PR52063,1124799
PR52064,1178324
PR52065,1077321
PR52066,1044575
PR52067,1047358
PR52068,1171214
PR52069,1116720
PR52070,1017931
PR52071,1097339
PR52072,1078805
PR52073,1032823
PR52074,1094248
PR52075,1157289
PR52076,1190966
PR52077,1150313
PR52078,1127255
PR52079,1105837
PR52080,1114647
PR52081,1007789
PR52082,1129276
PR52083,1051524
PR52084,1089379
PR52085,1080797
PR52086,1172396
PR52087,1153881
PR52088,1013005
PR52089,1003730
PR52090,1182916
PR52091,1132507
PR52092,1049589
PR52093,1140639
PR52094,1098599
PR52095,1035970
PR52096,1059158
PR52097,1037878
PR52098,1170961
PR52099,1186585
PR52100,1153539
PR52101,1106919
PR52102,1125595
PR52103,1040681
PR52104,1184814
PR52105,1066267
PR52106,1112418
PR52107,1168421
PR52108,1017070
PR52109,1090473
PR52110,1136335
PR52111,1151388
PR52112,1053068
PR52113,1142629
PR52114,1032801
PR52115,1077889
PR52116,1131533
PR52117,1036339
PR52118,1138381
PR52119,1091527
PR52120,1049402
PR52121,1042737
PR52122,1067391
PR52123,1078325
PR52124,1099555
PR52125,1151700
PR52126,1104216
PR52127,1024096
PR52128,1146895
PR52129,1141457
PR52130,1063625
PR52131,1011457
PR52132,1011353
PR52133,1196444
PR52134,1026975
PR52135,1007925
PR52136,1047008
PR52137,1127838
PR52138,1194639
PR52139,1184325
PR52140,1048393
PR52141,1158647
PR52142,1112304
PR52143,1173045
PR52144,1117037
PR52145,1037858
PR52146,1105124
PR52147,1195841
PR52148,1115743
PR52149,1113011
PR52150,1136327
PR52151,1091340
PR52152,1119054
PR52153,1104435
PR52154,1114092
PR52155,1013364
PR52156,1019416
PR52157,1168046
PR52158,1138827
PR52159,1047266
PR52160,1058193
PR52161,1054690
PR52162,1196795
PR52163,1117622
PR52164,1065183
PR52165,1140909
PR52166,1017019
PR52167,1071730
PR52168,1139630
PR52169,1117571
PR52170,1039695
PR52171,1093934
PR52172,1081701
PR52173,1128336
PR52174,1132504
PR52175,1141080
PR52176,1069548
PR52177,1031100
PR52178,1086605
PR52179,1067678
PR52180,1124549
PR52181,1183763
PR52182,1106319
PR52183,1140097
PR52184,1158322
PR52185,1102106
PR52186,1128881
PR52187,1136048
PR52188,1152692
PR52189,1113386
PR52190,1076398
PR52191,1065347
PR52192,1124120
PR52193,1175936
PR52194,1013581
PR52195,1103219
PR52196,1035724
PR52197,1132279
PR52198,1156315
PR52199,1182767
PR52200,1009622
PR52201,1042027
PR52202,1101962
PR52203,1111777
PR52204,1167030
PR52205,1039118
PR52206,1146840
PR52207,1135437
PR52208,1163729
PR52209,1129914
PR52210,1090878
PR52211,1190643
PR52212,1152420
PR52213,1019608
PR52214,1129247
PR52215,1144666
PR52216,1100094
PR52217,1163068
PR52218,1036743
PR52219,1098216
PR52220,1083651
PR52221,1084180
PR52222,1098030
PR52223,1013417
PR52224,1187924
PR52225,1056225
PR52226,1064457
PR52227,1013474
PR52228,1002324
PR52229,1167020
PR52230,1099165
PR52231,1005326
PR52232,1003353
PR52233,1074712
PR52234,1172760
PR52235,1068983
PR52236,1091831
PR52237,1148692
PR52238,1023182
PR52239,1178674
PR52240,1101159
PR52241,1043937
PR52242,1077197
PR52243,1016342
PR52244,1001364
PR52245,1076679
PR52246,1109652
PR52247,1013735
PR52248,1106639
PR52249,1023762
PR52250,1080963
PR52251,1082685
PR52252,1059834
PR52253,1142622
PR52254,1067157
PR52255,1153964
PR52256,1178163
PR52257,1179739
PR52258,1158119
PR52259,1089964
PR52260,1151631
PR52261,1083933
PR52262,1068708
PR52263,1152133
PR52264,1159156
PR52265,1009827
PR52266,1002757
PR52267,1121476
PR52268,1118014
PR52269,1170775
PR52270,1119781
PR52271,1183211
PR52272,1050272
PR52273,1164513
PR52274,1123872
PR52275,1028266
PR52276,1026654
PR52277,1137540
PR52278,1140486
PR52279,1065185
PR52280,1082485
PR52281,1152976
PR52282,1109487
PR52283,1199156
PR52284,1178581
PR52285,1109056
PR52286,1162923
PR52287,1072600
PR52288,1079907
PR52289,1194557
PR52290,1042185
PR52291,1015647
PR52292,1101493
PR52293,1117771
PR52294,1116945
PR52295,1157696
PR52296,1054664
PR52297,1192393
PR52298,1115169
PR52299,1091315
PR52300,1155680
PR52301,1062424
PR52302,1035748
PR52303,1037685
PR52304,1160571
PR52305,1024307
PR52306,1096400
PR52307,1112543
PR52308,1004695
PR52309,1085872
PR52310,1139562
PR52311,1094863
PR52312,1029987
PR52313,1092295
PR52314,1186603
PR52315,1074456
PR52316,1129679
PR52317,1162109
PR52318,1146316
PR52319,1037550
PR52320,1122034
PR52321,1093599
PR52322,1194918
PR52323,1199824
PR52324,1162405
PR52325,1146284
PR52326,1139702
PR52327,1141769
PR52328,1175982
PR52329,1143016
PR52330,1038328
PR52331,1116184
PR52332,1171533
PR52333,1065095
PR52334,1077409
PR52335,1095452
PR52336,1137588
PR52337,1108614
PR52338,1050365
PR52339,1113879
PR52340,1121889
PR52341,1056622
PR52342,1192307
PR52343,1025565
PR52344,1173892
PR52345,1139986
PR52346,1188097
PR52347,1179421
PR52348,1178853
PR52349,1119033
PR52350,1138064
PR52351,1045604
PR52352,1115787
PR52353,1071074
PR52354,1092941
PR52355,1187220
PR52356,1177299
PR52357,1108578
PR52358,1114734
PR52359,1067629
PR52360,1056422
PR52361,1124912
PR52362,1140435
PR52363,1026780
PR52364,1154498
PR52365,1087790
PR52366,1072776
PR52367,1111347
PR52368,1041901
PR52369,1087234
PR52370,1150046
PR52371,1153699
PR52372,1149075
PR52373,1071784
PR52374,1045175
PR52375,1153429
PR52376,1138106
PR52377,1049949
PR52378,1036627
PR52379,1126390
PR52380,1165934
PR52381,1134349
PR52382,1151518
PR52383,1001842
PR52384,1018232
PR52385,1141552
PR52386,1081854
PR52387,1085151
PR52388,1028816
PR52389,1184426
PR52390,1077455
PR52391,1157905
PR52392,1101164
PR52393,1013355
PR52394,1031083
PR52395,1149214
PR52396,1183722
PR52397,1038021
PR52398,1012507
PR52399,1106415
PR52400,1039404
PR52401,1119827
PR52402,1101374
PR52403,1046206
PR52404,1104140
PR52405,1099869
PR52406,1007501
PR52407,1006208
PR52408,1005376
PR52409,1087661
PR52410,1149802
PR52411,1154556
PR52412,1181172
PR52413,1019576
PR52414,1009364
PR52415,1125354
PR52416,1092729
PR52417,1162378
PR52418,1026023
PR52419,1119519
PR52420,1097302
PR52421,1022039
PR52422,1163379
PR52423,1084729
PR52424,1032327
PR52425,1007578
PR52426,1168559
PR52427,1069048
PR52428,1099679
PR52429,1052085
PR52430,1065916
PR52431,1041873
PR52432,1104692
PR52433,1006675
PR52434,1026866
PR52435,1120445
PR52436,1042295
PR52437,1062746
PR52438,1139966
PR52439,1067815
PR52440,1079670
PR52441,1103900
PR52442,1067624
PR52443,1019731
PR52444,1034240
PR52445,1158860
PR52446,1097512
PR52447,1122282
PR52448,1135086
PR52449,1089561
PR52450,1074469
PR52451,1012820
PR52452,1046882
PR52453,1037870
PR52454,1178715
PR52455,1086275
PR52456,1063066
PR52457,1070419
PR52458,1130964
PR52459,1029707
PR52460,1008159
PR52461,1108493
PR52462,1066068
PR52463,1099883
PR52464,1020228
PR52465,1002274
PR52466,1120424
PR52467,1040973
PR52468,1029428
PR52469,1057905
PR52470,1081990
PR52471,1104475
PR52472,1079117
PR52473,1025727
PR52474,1129056
PR52475,1067414
PR52476,1009498
PR52477,1006399
PR52478,1157209
PR52479,1149896
PR52480,1012841
PR52481,1073389
PR52482,1131292
PR52483,1091759
PR52484,1013058
PR52485,1198002
PR52486,1119594
PR52487,1182127
PR52488,1043459
PR52489,1135892
PR52490,1163513
PR52491,1127395
PR52492,1126867
PR52493,1078021
PR52494,1051402
PR52495,1198950
PR52496,1002581
PR52497,1030393
PR52498,1100372
PR52499,1070562
PR52500,1118463
PR52501,1061324
PR52502,1034175
PR52503,1086083
PR52504,1095933
PR52505,1023747
PR52506,1075612
PR52507,1090615
PR52508,1112467
PR52509,1198660
PR52510,1075673
PR52511,1101520
PR52512,1004718
PR52513,1095392
PR52514,1062113
PR52515,1096454
PR52516,1150329
PR52517,1074662
PR52518,1096589
PR52519,1092741
PR52520,1005452
PR52521,1020082
PR52522,1014450
PR52523,1054175
PR52524,1129761
PR52525,1136016
PR52526,1184316
PR52527,1012100
PR52528,1124233
PR52529,1011979
PR52530,1158055
PR52531,1017495
PR52532,1063451
PR52533,1188246
PR52534,1138721
PR52535,1077476
PR52536,1078987
PR52537,1003251
PR52538,1069397
PR52539,1103415
PR52540,1197628
PR52541,1071403
PR52542,1159552
PR52543,1152569
PR52544,1077614
PR52545,1152676
PR52546,1185683
PR52547,1154887
PR52548,1000396
PR52549,1118955
PR52550,1062717
PR52551,1002510
PR52552,1053589
PR52553,1185332
PR52554,1025274
PR52555,1066307
PR52556,1074281
PR52557,1078323
PR52558,1198463
PR52559,1036578
PR52560,1093275
PR52561,1113752
PR52562,1058958
PR52563,1080256
PR52564,1078850
PR52565,1159192
PR52566,1060206
PR52567,1117973
PR52568,1005782
PR52569,1162138
PR52570,1038737
PR52571,1163979
PR52572,1141208
PR52573,1086910
PR52574,1033520
PR52575,1180527
PR52576,1067214
PR52577,1125225
PR52578,1046810
PR52579,1025402
PR52580,1065630
PR52581,1171935
PR52582,1148705
PR52583,1147207
PR52584,1070494
PR52585,1099822
PR52586,1029274
PR52587,1014716
PR52588,1151720
PR52589,1178658
PR52590,1054643
PR52591,1008089
PR52592,1171152
PR52593,1091088
PR52594,1063309
PR52595,1123208
PR52596,1054924
PR52597,1006388
PR52598,1196367
PR52599,1118094
PR52600,1155586
PR52601,1144453
PR52602,1104899
PR52603,1096308
PR52604,1076315
PR52605,1016252
PR52606,1031386
PR52607,1165563
PR52608,1111401
PR52609,1077046
PR52610,1107401
PR52611,1085245
PR52612,1073083
PR52613,1110195
PR52614,1054520
PR52615,1196703
PR52616,1031124
PR52617,1036649
PR52618,1025743
PR52619,1014662
PR52620,1031645
PR52621,1114561
PR52622,1089055
PR52623,1174747
PR52624,1041234
PR52625,1059950
PR52626,1174641
PR52627,1079925
PR52628,1196573
PR52629,1091110
PR52630,1148827
PR52631,1136766
PR52632,1132396
PR52633,1019944
PR52634,1039486
PR52635,1065769
PR52636,1027551
PR52637,1108003
PR52638,1078166
PR52639,1028832
PR52640,1192498
PR52641,1183829
PR52642,1043394
PR52643,1005157
PR52644,1094557
PR52645,1156948
PR52646,1046812
PR52647,1092443
PR52648,1025797
PR52649,1194187
PR52650,1143385
PR52651,1065337
PR52652,1077806
PR52653,1124245
PR52654,1143532
PR52655,1120018
PR52656,1118305
PR52657,1077820
PR52658,1001366
PR52659,1100746
PR52660,1124391
PR52661,1111094
PR52662,1145910
PR52663,1191044
PR52664,1132029
PR52665,1066638
PR52666,1097117
PR52667,1035303
PR52668,1076687
PR52669,1195271
PR52670,1088214
PR52671,1096042
PR52672,1067984
PR52673,1066852
PR52674,1014466
PR52675,1001445
PR52676,1168694
PR52677,1121354
PR52678,1079625
PR52679,1049394
PR52680,1007773
PR52681,1061015
PR52682,1023443
PR52683,1192520
PR52684,1075798
PR52685,1023119
PR52686,1061405
PR52687,1154743
PR52688,1024713
PR52689,1094802
PR52690,1163152
PR52691,1168640
PR52692,1019705
PR52693,1155549
PR52694,1122917
PR52695,1051351
PR52696,1166754
PR52697,1107371
PR52698,1068878
PR52699,1144666
PR52700,1090260
PR52701,1138967
PR52702,1133979
PR52703,1012439
PR52704,1082123
PR52705,1165903
PR52706,1013123
PR52707,1071511
PR52708,1189726
PR52709,1108310
PR52710,1019071
PR52711,1068532
PR52712,1182224
PR52713,1145150
PR52714,1059483
PR52715,1144966
PR52716,1134508
PR52717,1009482
PR52718,1015274
PR52719,1196645
PR52720,1189565
PR52721,1044889
PR52722,1126995
PR52723,1059432
PR52724,1017721
PR52725,1108174
PR52726,1167650
PR52727,1160682
PR52728,1080901
PR52729,1051194
PR52730,1157148
PR52731,1053989
PR52732,1170951
PR52733,1069838
PR52734,1068456
PR52735,1173721
PR52736,1192611
PR52737,1076286
PR52738,1097919
PR52739,1184102
PR52740,1139408
PR52741,1180013
PR52742,1116209
PR52743,1134216
PR52744,1061662
PR52745,1125937
PR52746,1122032
PR52747,1056992
PR52748,1152873
PR52749,1043645
PR52750,1037047
PR52751,1121268
PR52752,1181448
PR52753,1139228
PR52754,1154228
PR52755,1174629
PR52756,1123364
PR52757,1051579
PR52758,1137196
PR52759,1109633
PR52760,1181188
PR52761,1183527
PR52762,1131489
PR52763,1085333
PR52764,1065556
PR52765,1018668
PR52766,1018769
PR52767,1011229
PR52768,1024774
PR52769,1157282
PR52770,1130045
PR52771,1039036
PR52772,1090548
PR52773,1066239
PR52774,1005254
PR52775,1095588
PR52776,1183116
PR52777,1110617
PR52778,1099418
PR52779,1109710
PR52780,1100392
PR52781,1125997
PR52782,1181593
PR52783,1164595
PR52784,1112599
PR52785,1135327
PR52786,1026497
PR52787,1039690
PR52788,1058191
PR52789,1123329
PR52790,1078865
PR52791,1072974
PR52792,1078078
PR52793,1198064
PR52794,1164621
PR52795,1002426
PR52796,1141230
PR52797,1196945
PR52798,1074042
PR52799,1155941
PR52800,1181237
PR52801,1193166
PR52802,1009002
PR52803,1130889
PR52804,1191602
PR52805,1176155
PR52806,1119086
PR52807,1098913
PR52808,1130099
PR52809,1128087
PR52810,1048328
PR52811,1101510
PR52812,1061542
PR52813,1166649
PR52814,1071029
PR52815,1037246
PR52816,1068975
PR52817,1145612
PR52818,1062638
PR52819,1171436
PR52820,1089071
PR52821,1090339
PR52822,1053303
PR52823,1118394
PR52824,1185402
PR52825,1126859
PR52826,1158944
PR52827,1013985
PR52828,1181833
PR52829,1021990
PR52830,1122336
PR52831,1173311
PR52832,1192854
PR52833,1059133
PR52834,1069058
PR52835,1075518
PR52836,1196825
PR52837,1096213
PR52838,1083629
PR52839,1114221
PR52840,1195629
PR52841,1156490
PR52842,1098431
PR52843,1077549
PR52844,1004914
PR52845,1070504
PR52846,1002379
PR52847,1067508
PR52848,1091939
PR52849,1005135
PR52850,1084686
PR52851,1158850
PR52852,1124112
PR52853,1172548
PR52854,1094298
PR52855,1163124
PR52856,1054781
PR52857,1022326
PR52858,1125640
PR52859,1088637
PR52860,1121830
PR52861,1031730
PR52862,1015327
PR52863,1025524
PR52864,1084883
PR52865,1018722
PR52866,1064289
PR52867,1037073
PR52868,1093282
PR52869,1100798
PR52870,1148574
PR52871,1177219
PR52872,1145907
PR52873,1001961
PR52874,1040867
PR52875,1066058
PR52876,1059471
PR52877,1057570
PR52878,1167990
PR52879,1031310
PR52880,1083673
PR52881,1180917
PR52882,1192186
PR52883,1120204
PR52884,1188967
PR52885,1057158
PR52886,1016281
PR52887,1155476
PR52888,1069919
PR52889,1007247
PR52890,1188887
PR52891,1020272
PR52892,1188286
PR52893,1045026
PR52894,1152313
PR52895,1113506
PR52896,1178354
PR52897,1081440
PR52898,1040765
PR52899,1166850
PR52900,1073333
PR52901,1117065
PR52902,1042836
PR52903,1014622
PR52904,1059246
PR52905,1172642
PR52906,1178875
PR52907,1181561
PR52908,1163500
PR52909,1096006
PR52910,1150132
PR52911,1170532
PR52912,1165889
PR52913,1138172
PR52914,1091491
PR52915,1089157
PR52916,1147609
PR52917,1080549
PR52918,1199815
PR52919,1075924
PR52920,1037171
PR52921,1150718
PR52922,1020595
PR52923,1060165
PR52924,1179180
PR52925,1148103
PR52926,1042972
PR52927,1093819
PR52928,1116135
PR52929,1007951
PR52930,1197504
PR52931,1153820
PR52932,1196776
PR52933,1023353
PR52934,1015156
PR52935,1090380
PR52936,1169507
PR52937,1077353
PR52938,1028483
PR52939,1007058
PR52940,1199324
PR52941,1115463
PR52942,1114763
PR52943,1038045
PR52944,1073432
PR52945,1136936
PR52946,1152105
PR52947,1030101
PR52948,1178974
PR52949,1032336
PR52950,1117923
PR52951,1191389
PR52952,1154944
PR52953,1131090
PR52954,1087852
PR52955,1125208
PR52956,1190377
PR52957,1135802
PR52958,1015369
PR52959,1186821
PR52960,1184965
PR52961,1183124
PR52962,1152478
PR52963,1140060
PR52964,1108954
PR52965,1161360
PR52966,1188577
PR52967,1109492
PR52968,1023067
PR52969,1052858
PR52970,1143072
PR52971,1028340
PR52972,1115037
PR52973,1058222
PR52974,1094188
PR52975,1124882
PR52976,1114803
PR52977,1066731
PR52978,1084789
PR52979,1146848
PR52980,1076852
PR52981,1163892
PR52982,1180048
PR52983,1083120
PR52984,1012384
PR52985,1050662
PR52986,1101634
PR52987,1078834
PR52988,1091807
PR52989,1148264
PR52990,1144226
PR52991,1047269
PR52992,1060171
PR52993,1175566
PR52994,1055286
PR52995,1123074
PR52996,1102288
PR52997,1157577
PR52998,1116694
PR52999,1145433
PR53000,1144546
PR53001,1020070
PR53002,1090579
PR53003,1072961
PR53004,1005264
PR53005,1135272
PR53006,1011668
PR53007,1137375
PR53008,1163344
PR53009,1014346
PR53010,1179388
PR53011,1023188
PR53012,1049920
PR53013,1173356
PR53014,1118593
PR53015,1015930
PR53016,1084635
PR53017,1041943
PR53018,1084368
PR53019,1133780
PR53020,1186992
PR53021,1197696
PR53022,1164634
PR53023,1173158
PR53024,1069231
PR53025,1095822
PR53026,1187704
PR53027,1070518
PR53028,1071325
PR53029,1008119
PR53030,1184339
PR53031,1142650
PR53032,1169587
PR53033,1083863
PR53034,1184177
PR53035,1131146
PR53036,1074231
PR53037,1056183
PR53038,1120734
PR53039,1080501
PR53040,1175296
PR53041,1186183
PR53042,1190408
PR53043,1017993
PR53044,1159286
PR53045,1105672
PR53046,1156811
PR53047,1069769
PR53048,1030677
PR53049,1039991
PR53050,1015283
PR53051,1047961
PR53052,1164653
PR53053,1114092
PR53054,1148553
PR53055,1182219
PR53056,1135670
PR53057,1173563
PR53058,1140950
PR53059,1040070
PR53060,1019407
PR53061,1009328
PR53062,1097513
PR53063,1174411
PR53064,1048066
PR53065,1169936
PR53066,1071689
PR53067,1070602
PR53068,1165123
PR53069,1076813
PR53070,1109349
PR53071,1123447
PR53072,1076040
PR53073,1115570
PR53074,1060048
PR53075,1160088
PR53076,1076879
PR53077,1136520
PR53078,1009504
PR53079,1089577
PR53080,1153356
PR53081,1145058
PR53082,1107828
PR53083,1002704
PR53084,1164574
PR53085,1182174
PR53086,1032497
PR53087,1187455
PR53088,1083197
PR53089,1183205
PR53090,1123679
PR53091,1045854
PR53092,1063534
PR53093,1118785
PR53094,1113035
PR53095,1006475
PR53096,1027502
PR53097,1165280
PR53098,1109404
PR53099,1171590
PR53100,1092816
PR53101,1038504
PR53102,1044733
PR53103,1155500
PR53104,1069918
PR53105,1068721
PR53106,1084598
PR53107,1113882
PR53108,1132101
PR53109,1078390
PR53110,1022297
PR53111,1043058
PR53112,1006309
PR53113,1053986
PR53114,1020022
PR53115,1149027
PR53116,1138885
PR53117,1105793
PR53118,1169546
PR53119,1019988
PR53120,1141835
PR53121,1120810
PR53122,1144432
PR53123,1094414
PR53124,1106606
PR53125,1118357
PR53126,1195498
PR53127,1015502
PR53128,1044967
PR53129,1194318
PR53130,1139489
PR53131,1055501
PR53132,1103962
PR53133,1076503
PR53134,1157032
PR53135,1061597
PR53136,1119002
PR53137,1126007
PR53138,1046957
PR53139,1171126
PR53140,1031938
PR53141,1124287
PR53142,1180204
PR53143,1096679
PR53144,1066477
PR53145,1115233
PR53146,1165651
PR53147,1091662
PR53148,1156273
PR53149,1153486
PR53150,1161752
PR53151,1021044
PR53152,1061672
PR53153,1066532
PR53154,1177676
PR53155,1038987
PR53156,1198508
PR53157,1149402
PR53158,1024525
PR53159,1143439
PR53160,1050256
PR53161,1017871
PR53162,1092984
PR53163,1037577
PR53164,1080279
PR53165,1006037
PR53166,1147600
PR53167,1070170
PR53168,1098909
PR53169,1178493
PR53170,1090719
PR53171,1060034
PR53172,1076910
PR53173,1078300
PR53174,1174595
PR53175,1119545
PR53176,1071660
PR53177,1097259
PR53178,1060591
PR53179,1035085
PR53180,1043245
PR53181,1184345
PR53182,1148085
PR53183,1067434
PR53184,1070894
PR53185,1032403
PR53186,1068208
PR53187,1172339
PR53188,1173049
PR53189,1162634
PR53190,1091129
PR53191,1131541
PR53192,1002336
PR53193,1184579
PR53194,1194662
PR53195,1143008
PR53196,1175370
PR53197,1104387
PR53198,1158790
PR53199,1130942
PR53200,1100888
PR53201,1080891
PR53202,1030633
PR53203,1065118
PR53204,1169128
PR53205,1107216
PR53206,1054564
PR53207,1033529
PR53208,1014250
PR53209,1135052
PR53210,1077625
PR53211,1065962
PR53212,1131165
PR53213,1153381
PR53214,1098788
PR53215,1060735
PR53216,1014267
PR53217,1032414
PR53218,1107350
PR53219,1143348
PR53220,1090130
PR53221,1189232
PR53222,1003107
PR53223,1151866
PR53224,1050559
PR53225,1131213
PR53226,1071180
PR53227,1145495
PR53228,1194108
PR53229,1022052
PR53230,1041078
PR53231,1021624
PR53232,1092021
PR53233,1198655
PR53234,1100096
PR53235,1111731
PR53236,1090905
PR53237,1092077
PR53238,1192138
PR53239,1059153
PR53240,1048528
PR53241,1010675
PR53242,1071752
PR53243,1158031
PR53244,1031700
PR53245,1122298
PR53246,1016623
PR53247,1104687
PR53248,1048192
PR53249,1065688
PR53250,1029907
PR53251,1045326
PR53252,1167718
PR53253,1142566
PR53254,1051858
PR53255,1024804
PR53256,1054166
PR53257,1128014
PR53258,1005551
PR53259,1057916
PR53260,1144104
PR53261,1021095
PR53262,1179040
PR53263,1181303
PR53264,1102819
PR53265,1121245
PR53266,1195468
PR53267,1061818
PR53268,1033572
PR53269,1187632
PR53270,1094469
PR53271,1035433
PR53272,1166789
PR53273,1169452
PR53274,1083231
PR53275,1086434
PR53276,1074040
PR53277,1108699
PR53278,1178026
PR53279,1054022
PR53280,1133639
PR53281,1024645
PR53282,1018902
PR53283,1190494
PR53284,1077885
PR53285,1061462
PR53286,1131560
PR53287,1108326
PR53288,1016323
PR53289,1053887
PR53290,1194765
PR53291,1154227
PR53292,1143290
PR53293,1199977
PR53294,1076043
PR53295,1111350
PR53296,1104268
PR53297,1041348
PR53298,1073368
PR53299,1190391
PR53300,1075138
PR53301,1131152
PR53302,1145381
PR53303,1029048
PR53304,1038282
PR53305,1110263
PR53306,1092463
PR53307,1143712
PR53308,1127033
PR53309,1058517
PR53310,1195243
PR53311,1156539
PR53312,1013479
PR53313,1011907
PR53314,1188789
PR53315,1038215
PR53316,1175474
PR53317,1032257
PR53318,1096149
PR53319,1187648
PR53320,1006484
PR53321,1168820
PR53322,1069433
PR53323,1137609
PR53324,1108816
PR53325,1021081
PR53326,1013918
PR53327,1023459
PR53328,1144618
PR53329,1095514
PR53330,1044319
PR53331,1089516
PR53332,1014737
PR53333,1160483
PR53334,1111192
PR53335,1022678
PR53336,1103365
PR53337,1039828
PR53338,1162717
PR53339,1073665
PR53340,1147096
PR53341,1064700
PR53342,1159143
PR53343,1074461
PR53344,1186539
PR53345,1032682
PR53346,1111424
PR53347,1017626
PR53348,1037144
PR53349,1056174
PR53350,1193600
PR53351,1177892
PR53352,1025373
PR53353,1188410
PR53354,1005431
PR53355,1147559
PR53356,1088117
PR53357,1109522
PR53358,1181921
PR53359,1168943
PR53360,1020330
PR53361,1108765
PR53362,1092662
PR53363,1091404
PR53364,1075842
PR53365,1111866
PR53366,1055001
PR53367,1121804
PR53368,1180229
PR53369,1061706
PR53370,1179328
PR53371,1121032
PR53372,1002060
PR53373,1127495
PR53374,1107654
PR53375,1092902
PR53376,1142021
PR53377,1105368
PR53378,1143137
PR53379,1024093
PR53380,1192799
PR53381,1122407
PR53382,1199022
PR53383,1041465
PR53384,1181785
PR53385,1095494
PR53386,1165569
PR53387,1139253
PR53388,1017716
PR53389,1044996
PR53390,1147467
PR53391,1035718
PR53392,1028484
PR53393,1126407
PR53394,1182761
PR53395,1145720
PR53396,1038078
PR53397,1096805
PR53398,1064639
PR53399,1177081
PR53400,1014733
PR53401,1095221
PR53402,1155148
PR53403,1142802
PR53404,1149828
PR53405,1157027
PR53406,1097204
PR53407,1165704
PR53408,1046417
PR53409,1145853
PR53410,1111215
PR53411,1037602
PR53412,1139161
PR53413,1082618
PR53414,1143671
PR53415,1035714
PR53416,1158051
PR53417,1139851
PR53418,1148335
PR53419,1032785
PR53420,1038379
PR53421,1173873
PR53422,1198310
PR53423,1030379
PR53424,1120403
PR53425,1081348
PR53426,1106082
PR53427,1008434
PR53428,1044852
PR53429,1025087
PR53430,1027775
PR53431,1043250
PR53432,1082823
PR53433,1035422
PR53434,1143727
PR53435,1173056
PR53436,1088114
PR53437,1134293
PR53438,1101231
PR53439,1064012
PR53440,1158871
PR53441,1138619
PR53442,1185601
PR53443,1161564
PR53444,1122203
PR53445,1017845
PR53446,1046530
PR53447,1151999
PR53448,1166425
PR53449,1031564
PR53450,1198202
PR53451,1042481
PR53452,1029944
PR53453,1126967
PR53454,1085154
PR53455,1074255
PR53456,1185822
PR53457,1013563
PR53458,1062187
PR53459,1106568
PR53460,1122635
PR53461,1051494
PR53462,1117642
PR53463,1145004
PR53464,1087346
PR53465,1155053
PR53466,1134214
PR53467,1080702
PR53468,1134388
PR53469,1179110
PR53470,1086659
PR53471,1042262
PR53472,1018857
PR53473,1063672
PR53474,1012581
PR53475,1062310
PR53476,1020808
PR53477,1120902
PR53478,1089254
PR53479,1134448
PR53480,1050937
PR53481,1031879
PR53482,1093753
PR53483,1164117
PR53484,1185052
PR53485,1028966
PR53486,1036006
PR53487,1102023
PR53488,1012555
PR53489,1057128
PR53490,1055658
PR53491,1021274
PR53492,1100896
PR53493,1157734
PR53494,1124271
PR53495,1093778
PR53496,1023339
PR53497,1079626
PR53498,1035315
PR53499,1119047
PR53500,1173193
PR53501,1164999
PR53502,1128523
PR53503,1020788
PR53504,1127672
PR53505,1138317
PR53506,1092971
PR53507,1184038
PR53508,1084703
PR53509,1157096
PR53510,1097403
PR53511,1025546
PR53512,1091562
PR53513,1170995
PR53514,1169455
PR53515,1127312
PR53516,1099207
PR53517,1026439
PR53518,1134442
PR53519,1154293
PR53520,1194651
PR53521,1047125
PR53522,1054366
PR53523,1057076
PR53524,1135926
PR53525,1027772
PR53526,1187765
PR53527,1165148
PR53528,1188255
PR53529,1181651
PR53530,1163043
PR53531,1077941
PR53532,1067003
PR53533,1096631
PR53534,1149933
PR53535,1053497
PR53536,1187086
PR53537,1067029
PR53538,1009616
PR53539,1096417
PR53540,1063758
PR53541,1064411
PR53542,1050480
PR53543,1082592
PR53544,1057944
PR53545,1058984
PR53546,1179775
PR53547,1033382
PR53548,1099322
PR53549,1084903
PR53550,1005440
PR53551,1189434
PR53552,1153132
PR53553,1025005
PR53554,1027202
PR53555,1003178
PR53556,1013344
PR53557,1183286
PR53558,1088697
PR53559,1029944
PR53560,1023029
PR53561,1084902
PR53562,1111540
PR53563,1052601
PR53564,1083814
PR53565,1013096
PR53566,1058094
PR53567,1108409
PR53568,1123811
PR53569,1071852
PR53570,1011510
PR53571,1011789
PR53572,1114546
PR53573,1139188
PR53574,1101232
PR53575,1065787
PR53576,1161562
PR53577,1095936
PR53578,1117606
PR53579,1181721
PR53580,1168149
PR53581,1091375
PR53582,1096144
PR53583,1009879
PR53584,1195412
PR53585,1038978
PR53586,1064527
PR53587,1174742
PR53588,1111226
PR53589,1067311
PR53590,1116483
PR53591,1062793
PR53592,1178148
PR53593,1048541
PR53594,1025315
PR53595,1079667
PR53596,1059522
PR53597,1151339
PR53598,1044156
PR53599,1006987
PR53600,1030841
PR53601,1154519
PR53602,1095411
PR53603,1008055
PR53604,1132524
PR53605,1124885
PR53606,1052807
PR53607,1016835
PR53608,1186437
PR53609,1063813
PR53610,1163998
PR53611,1049992
PR53612,1035461
PR53613,1175860
PR53614,1181805
PR53615,1118822
PR53616,1178411
PR53617,1165779
PR53618,1042003
PR53619,1096997
PR53620,1000009
PR53621,1141189
PR53622,1078141
PR53623,1145011
PR53624,1147899
PR53625,1117039
PR53626,1036673
PR53627,1057262
PR53628,1014168
PR53629,1009398
PR53630,1054080
PR53631,1021298
PR53632,1112512
PR53633,1171748
PR53634,1019671
PR53635,1037355
PR53636,1067907
PR53637,1051088
PR53638,1006815
PR53639,1139438
PR53640,1017312
PR53641,1131866
PR53642,1185364
PR53643,1115477
PR53644,1133226
PR53645,1041911
PR53646,1061099
PR53647,1099896
PR53648,1129424
PR53649,1068127
PR53650,1185543
PR53651,1197610
PR53652,1114736
PR53653,1198973
PR53654,1151489
PR53655,1117058
PR53656,1074979
PR53657,1069560
PR53658,1132283
PR53659,1132540
PR53660,1153359
PR53661,1014703
PR53662,1194881
PR53663,1135263
PR53664,1081825
PR53665,1109741
PR53666,1145658
PR53667,1073615
PR53668,1110815
PR53669,1113680
PR53670,1036146
PR53671,1190159
PR53672,1057181
PR53673,1101436
PR53674,1073549
PR53675,1199705
PR53676,1192844
PR53677,1175544
PR53678,1012143
PR53679,1095950
PR53680,1155106
PR53681,1081377
PR53682,1092897
PR53683,1086113
PR53684,1050961
PR53685,1076463
PR53686,1113956
PR53687,1090714
PR53688,1031993
PR53689,1134312
PR53690,1031185
PR53691,1125667
PR53692,1098236
PR53693,1004749
PR53694,1148712
PR53695,1138611
PR53696,1033172
PR53697,1198762
PR53698,1143322
PR53699,1047843
PR53700,1052283
PR53701,1073583
PR53702,1194875
PR53703,1035450
PR53704,1182472
PR53705,1083821
PR53706,1017112
PR53707,1100847
PR53708,1146960
PR53709,1155321
PR53710,1035132
PR53711,1167150
PR53712,1078129
PR53713,1139004
PR53714,1017023
PR53715,1195235
PR53716,1084753
PR53717,1009599
PR53718,1023494
PR53719,1149548
PR53720,1027807
PR53721,1098980
PR53722,1121918
PR53723,1109379
PR53724,1010268
PR53725,1069748
PR53726,1126921
PR53727,1154546
PR53728,1062233
PR53729,1141482
PR53730,1155687
PR53731,1138735
PR53732,1173765
PR53733,1015661
PR53734,1028969
PR53735,1100959
PR53736,1103162
PR53737,1194464
PR53738,1002662
PR53739,1091828
PR53740,1048697
PR53741,1078862
PR53742,1094162
PR53743,1155825
PR53744,1018798
PR53745,1087580
PR53746,1009469
PR53747,1035091
PR53748,1179325
PR53749,1000339
PR53750,1102818
PR53751,1083213
PR53752,1113068
PR53753,1017036
PR53754,1164084
PR53755,1133022
PR53756,1134951
PR53757,1050291
PR53758,1039963
PR53759,1122724
PR53760,1071368
PR53761,1002284
PR53762,1046196
PR53763,1161572
PR53764,1067294
PR53765,1165540
PR53766,1003243
PR53767,1020902
PR53768,1063864
PR53769,1139701
PR53770,1170041
PR53771,1142939
PR53772,1011123
PR53773,1175154
PR53774,1069501
PR53775,1036339
PR53776,1122288
PR53777,1130677
PR53778,1040530
PR53779,1189409
PR53780,1141565
PR53781,1065320
PR53782,1060117
PR53783,1074349
PR53784,1175138
PR53785,1097995
PR53786,1027052
PR53787,1070124
PR53788,1039209
PR53789,1080586
PR53790,1106043
PR53791,1138228
PR53792,1091078
PR53793,1115527
PR53794,1074835
PR53795,1044731
PR53796,1008887
PR53797,1029148
PR53798,1111215
PR53799,1100768
PR53800,1042061
PR53801,1153319
PR53802,1004031
PR53803,1116135
PR53804,1035601
PR53805,1055855
PR53806,1196737
PR53807,1164514
PR53808,1034542
PR53809,1057910
PR53810,1018850
PR53811,1061946
PR53812,1125799
PR53813,1073143
PR53814,1030691
PR53815,1163614
PR53816,1164433
PR53817,1090334
PR53818,1080415
PR53819,1047405
PR53820,1162255
PR53821,1031889
PR53822,1060696
PR53823,1016158
PR53824,1111795
PR53825,1028938
PR53826,1172810
PR53827,1124125
PR53828,1170797
PR53829,1151251
PR53830,1195489
PR53831,1172006
PR53832,1158518
PR53833,1180315
PR53834,1036199
PR53835,1126182
PR53836,1045986
PR53837,1152410
PR53838,1179538
PR53839,1123932
PR53840,1040446
PR53841,1101392
PR53842,1105226
PR53843,1195660
PR53844,1098696
PR53845,1176213
PR53846,1026726
PR53847,1196467
PR53848,1121358
PR53849,1165828
PR53850,1010388
PR53851,1149218
PR53852,1041060
PR53853,1074742
PR53854,1040494
PR53855,1090387
PR53856,1143475
PR53857,1140008
PR53858,1089833
PR53859,1125754
PR53860,1066847
PR53861,1093180
PR53862,1194613
PR53863,1050194
PR53864,1071278
PR53865,1111966
PR53866,1014626
PR53867,1141796
PR53868,1132343
PR53869,1014727
PR53870,1056431
PR53871,1110526
PR53872,1151511
PR53873,1062975
PR53874,1071301
PR53875,1174268
PR53876,1123420
PR53877,1047434
PR53878,1031066
PR53879,1044265
PR53880,1179240
PR53881,1039003
PR53882,1055659
PR53883,1095339
PR53884,1001916
PR53885,1014732
PR53886,1135318
PR53887,1080377
PR53888,1055913
PR53889,1193605
PR53890,1133913
PR53891,1098570
PR53892,1034127
PR53893,1028415
PR53894,1048281
PR53895,1062937
PR53896,1062486
PR53897,1008661
PR53898,1094149
PR53899,1090069
PR53900,1110965
PR53901,1098498
PR53902,1014956
PR53903,1031429
PR53904,1072279
PR53905,1152130
PR53906,1085258
PR53907,1132038
PR53908,1039416
PR53909,1014244
PR53910,1181618
PR53911,1010763
PR53912,1050052
PR53913,1003907
PR53914,1076852
PR53915,1178963
PR53916,1130097
PR53917,1129394
PR53918,1076745
PR53919,1032964
PR53920,1161872
PR53921,1111118
PR53922,1145653
PR53923,1161645
PR53924,1093699
PR53925,1192204
PR53926,1021728
PR53927,1042042
PR53928,1162845
PR53929,1110077
PR53930,1155413
PR53931,1047201
PR53932,1127597
PR53933,1122102
PR53934,1163635
PR53935,1042620
PR53936,1123526
PR53937,1027308
PR53938,1008099
PR53939,1077884
PR53940,1124423
PR53941,1132468
PR53942,1096469
PR53943,1009057
PR53944,1019929
PR53945,1056308
PR53946,1128833
PR53947,1025571
PR53948,1070569
PR53949,1093705
PR53950,1109965
PR53951,1118928
PR53952,1192311
PR53953,1030799
PR53954,1156793
PR53955,1044859
PR53956,1165511
PR53957,1022904
PR53958,1080758
PR53959,1116081
PR53960,1186524
PR53961,1193883
PR53962,1023058
PR53963,1012878
PR53964,1040090
PR53965,1168168
PR53966,1018010
PR53967,1071616
PR53968,1070952
PR53969,1031288
PR53970,1013148
PR53971,1060526
PR53972,1192259
PR53973,1025442
PR53974,1064883
PR53975,1109616
PR53976,1000390
PR53977,1030174
PR53978,1005605
PR53979,1061508
PR53980,1045100
PR53981,1059221
PR53982,1053788
PR53983,1025328
PR53984,1162953
PR53985,1135167
PR53986,1077499
PR53987,1032355
PR53988,1131196
PR53989,1181011
PR53990,1137849
PR53991,1041693
PR53992,1014878
PR53993,1127612
PR53994,1083917
PR53995,1119052
PR53996,1021648
PR53997,1090499
PR53998,1000600
PR53999,1187251
PR54000,1038272
PR54001,1085083
PR54002,1143419
PR54003,1078435
PR54004,1072829
PR54005,1178965
PR54006,1099485
PR54007,1049692
PR54008,1067209
PR54009,1168595
PR54010,1104204
PR54011,1097636
PR54012,1062936
PR54013,1186553
PR54014,1043102
PR54015,1034458
PR54016,1139214
PR54017,1063390
PR54018,1090996
PR54019,1142008
PR54020,1008774
PR54021,1151855
PR54022,1100506
PR54023,1061453
PR54024,1128026
PR54025,1177192
PR54026,1031065
PR54027,1135114
PR54028,1003206
PR54029,1028710
PR54030,1173623
PR54031,1082260
PR54032,1033868
PR54033,1089966
PR54034,1162904
PR54035,1036053
PR54036,1059027
